cliente_id,edad,antiguedad,cuota_mensual,consumo_datos,llamadas_soporte,incidencias,tipo_contrato,satisfaccion,abandono
10001,23,61.0,32.16,11.9,1,2,Mensual,1,No
10002,62,79.0,45.71,17.4,2,0,Anual,2,No
10003,55,49.0,60.48,14.6,0,1,Mensual,5,No
10004,43,6.0,116.82,21.8,4,0,Anual,3,No
10005,43,70.0,36.13,8.8,2,2,Anual,1,Sí
10006,67,3.0,105.63,15.8,2,2,Bienal,2,No
10007,22,34.0,36.2,10.2,0,2,Anual,3,Sí
10008,58,101.0,53.7,8.1,1,0,Anual,4,No
10009,29,56.0,87.67,16.6,2,2,Anual,5,No
10010,23,71.0,81.55,13.8,1,1,Mensual,4,No
10011,48,116.0,115.39,12.4,2,1,Mensual,3,No
10012,74,27.0,61.04,5.2,0,5,Mensual,1,Sí
10013,60,102.0,113.86,34.9,5,1,Mensual,3,Sí
10014,62,91.0,112.57,4.0,1,3,Mensual,4,Sí
10015,59,46.0,91.46,12.5,1,1,Mensual,2,Sí
10016,63,32.0,21.85,10.5,2,4,Mensual,5,No
10017,47,33.0,99.64,12.6,1,1,Anual,1,No
10018,25,,109.98,7.2,3,0,Anual,3,No
10019,66,77.0,72.29,24.7,1,0,Anual,1,Sí
10020,44,55.0,39.62,3.8,1,2,Mensual,1,No
10021,47,18.0,37.98,27.6,0,2,Mensual,2,Sí
10022,39,115.0,104.44,3.8,1,1,Anual,5,No
10023,28,47.0,28.62,9.2,3,1,Anual,1,No
10024,71,108.0,74.52,30.2,4,1,Mensual,4,Sí
10025,63,23.0,40.24,7.8,2,2,Mensual,1,Sí
10026,55,34.0,50.03,16.1,1,2,Anual,2,Sí
10027,41,94.0,117.62,13.2,2,1,Bienal,4,No
10028,65,34.0,47.56,15.3,3,2,Mensual,4,Sí
10029,49,108.0,88.25,35.5,2,1,Mensual,2,No
10030,43,51.0,96.64,20.3,1,0,Mensual,5,No
10031,44,55.0,48.72,9.9,3,1,Bienal,2,No
10032,31,1.0,34.56,22.1,3,0,Mensual,3,Sí
10033,23,51.0,97.12,25.1,2,0,Mensual,5,No
10034,50,38.0,65.26,6.6,3,0,Mensual,1,No
10035,69,66.0,48.69,10.4,2,0,Bienal,2,No
10036,21,115.0,41.06,27.0,3,2,Bienal,1,Sí
10037,67,2.0,118.26,7.1,1,1,Bienal,4,No
10038,66,101.0,84.53,10.1,2,3,Mensual,4,No
10039,34,48.0,72.21,18.5,1,2,Mensual,4,No
10040,54,65.0,31.32,20.5,1,0,Anual,1,No
10041,27,57.0,111.14,13.5,1,0,Anual,2,No
10042,61,59.0,53.18,,1,0,Mensual,5,No
10043,58,99.0,98.97,4.2,0,0,Mensual,3,Sí
10044,38,114.0,110.43,34.6,2,1,Mensual,2,No
10045,21,119.0,40.48,16.0,1,2,Mensual,1,No
10046,74,72.0,117.69,11.2,1,1,Bienal,1,No
10047,43,85.0,109.32,27.6,2,4,Mensual,2,Sí
10048,69,114.0,76.51,10.1,1,1,Mensual,1,Sí
10049,57,112.0,92.33,12.5,0,0,Anual,2,No
10050,63,120.0,47.64,41.8,4,0,Mensual,5,No
10051,62,6.0,92.27,6.1,1,2,Mensual,2,No
10052,29,5.0,63.01,26.8,0,2,Bienal,3,Sí
10053,39,70.0,52.45,19.0,0,1,Anual,5,No
10054,45,15.0,89.59,29.8,1,2,Bienal,5,No
10055,46,104.0,58.21,12.3,1,3,Bienal,5,No
10056,20,92.0,90.35,17.7,3,2,Anual,4,No
10057,49,16.0,105.05,8.4,0,1,Mensual,3,Sí
10058,26,16.0,46.98,8.1,1,0,Mensual,5,No
10059,61,13.0,40.55,6.5,2,0,Mensual,2,No
10060,57,42.0,51.94,6.4,0,3,Mensual,2,Sí
10061,71,102.0,62.27,29.2,2,2,Bienal,3,No
10062,61,37.0,92.74,12.3,2,2,Anual,1,No
10063,39,85.0,63.65,12.7,1,4,Anual,2,Sí
10064,74,67.0,89.25,8.3,1,1,Mensual,3,Sí
10065,41,73.0,119.44,10.3,4,2,Anual,3,No
10066,36,7.0,43.27,32.0,0,2,Mensual,1,Sí
10067,70,82.0,95.74,15.2,2,1,Anual,1,No
10068,39,55.0,67.58,20.0,1,3,Anual,1,Sí
10069,22,17.0,61.72,17.1,1,0,Mensual,5,No
10070,45,67.0,80.07,37.7,2,0,Anual,4,No
10071,64,74.0,31.72,42.6,2,0,Mensual,1,No
10072,28,15.0,51.44,12.5,1,1,Mensual,3,No
10073,44,61.0,47.3,5.2,3,1,Mensual,3,No
10074,25,41.0,80.94,30.2,2,0,Mensual,5,Sí
10075,57,91.0,42.4,13.5,5,1,Anual,2,No
10076,45,61.0,24.64,26.5,0,1,Mensual,3,Sí
10077,37,5.0,23.96,17.0,1,1,Anual,1,Sí
10078,31,37.0,97.35,23.5,0,1,Bienal,4,No
10079,50,68.0,88.28,19.5,0,0,Mensual,3,Sí
10080,56,51.0,104.86,11.3,0,0,Mensual,3,No
10081,72,33.0,87.62,15.4,1,0,Mensual,2,No
10082,43,50.0,25.13,9.4,2,0,Mensual,4,No
10083,27,40.0,90.01,15.3,1,0,Mensual,5,Sí
10084,66,,74.6,11.7,1,0,Bienal,2,Sí
10085,54,84.0,116.08,14.8,1,0,Mensual,1,No
10086,58,71.0,42.88,8.7,0,1,Mensual,2,No
10087,23,64.0,27.68,10.6,1,2,Mensual,4,Sí
10088,36,9.0,103.19,18.3,3,1,Anual,5,No
10089,62,81.0,62.17,16.4,2,0,Mensual,3,No
10090,66,70.0,66.9,17.6,1,2,Mensual,2,Sí
10091,43,97.0,91.6,31.1,0,1,Anual,3,No
10092,64,10.0,38.19,16.8,1,1,Bienal,3,No
10093,66,39.0,65.0,11.4,3,1,Mensual,4,Sí
10094,40,65.0,100.13,9.3,1,1,Anual,3,Sí
10095,70,16.0,79.31,12.8,1,0,Bienal,5,No
10096,34,103.0,110.22,7.3,1,1,Bienal,5,Sí
10097,31,30.0,106.44,28.1,1,0,Anual,2,No
10098,57,35.0,47.25,6.5,5,2,Mensual,3,Sí
10099,54,47.0,99.48,3.8,1,1,Anual,1,Sí
10100,26,10.0,83.51,22.8,2,1,Mensual,1,No
10101,66,21.0,32.01,7.5,2,2,Mensual,5,No
10102,29,39.0,46.26,9.7,3,0,Bienal,5,No
10103,64,25.0,95.28,16.9,2,2,Mensual,4,No
10104,18,51.0,104.49,11.6,0,0,Anual,2,Sí
10105,64,77.0,35.41,8.8,1,2,Mensual,1,Sí
10106,63,74.0,90.31,7.9,3,0,Mensual,4,No
10107,63,105.0,52.49,22.8,2,1,Anual,4,No
10108,56,19.0,38.25,29.7,2,0,Anual,4,Sí
10109,45,77.0,29.76,9.6,3,2,Bienal,3,Sí
10110,58,1.0,29.77,6.1,2,0,Anual,1,No
10111,34,1.0,66.2,12.8,1,1,Bienal,5,No
10112,63,102.0,31.51,13.8,1,1,Mensual,5,No
10113,50,46.0,80.5,13.5,1,0,Anual,3,No
10114,44,55.0,102.41,21.0,1,2,Mensual,1,Sí
10115,47,105.0,62.15,13.7,4,1,Mensual,1,Sí
10116,50,69.0,81.87,15.4,1,1,Mensual,5,No
10117,20,83.0,103.53,15.8,1,1,Anual,3,Sí
10118,26,97.0,102.31,3.8,3,1,Anual,5,Sí
10119,32,79.0,51.25,12.0,1,2,Anual,5,Sí
10120,24,92.0,76.47,38.2,3,0,Mensual,4,No
10121,43,16.0,67.41,11.5,0,0,Mensual,4,No
10122,56,104.0,31.89,15.6,1,0,Mensual,3,No
10123,55,50.0,39.88,16.9,2,1,Anual,5,No
10124,45,39.0,28.33,7.6,3,1,Mensual,3,No
10125,67,20.0,42.12,19.6,1,0,Anual,5,No
10126,50,24.0,115.69,1.2,2,0,Mensual,1,Sí
10127,22,19.0,110.59,14.3,1,1,Anual,3,No
10128,62,2.0,102.24,20.7,5,1,Anual,4,Sí
10129,51,34.0,104.55,2.8,3,0,Mensual,1,Sí
10130,54,48.0,111.85,17.6,3,2,Bienal,1,Sí
10131,50,114.0,38.72,15.7,1,0,Mensual,4,No
10132,50,73.0,77.95,20.8,2,1,Mensual,2,Sí
10133,23,92.0,57.55,4.2,4,1,Anual,5,No
10134,50,68.0,39.15,13.6,2,0,Mensual,2,Sí
10135,64,97.0,33.58,7.6,3,0,Mensual,4,Sí
10136,35,106.0,106.75,11.7,4,1,Mensual,1,Sí
10137,52,108.0,83.73,19.5,1,1,Anual,4,No
10138,19,100.0,90.72,19.3,2,3,Mensual,5,No
10139,38,84.0,109.0,13.0,1,5,Mensual,4,No
10140,43,60.0,38.76,16.9,2,1,Bienal,3,Sí
10141,74,21.0,119.2,54.2,2,2,Anual,1,Sí
10142,30,15.0,69.03,18.9,1,4,Mensual,1,Sí
10143,34,113.0,54.3,11.5,0,2,Mensual,3,Sí
10144,41,61.0,113.64,10.2,2,1,Mensual,3,Sí
10145,75,98.0,45.96,15.8,1,0,Mensual,5,No
10146,67,111.0,105.84,14.7,1,1,Anual,2,No
10147,20,10.0,36.11,13.6,3,1,Bienal,3,No
10148,31,106.0,79.95,17.8,1,1,Mensual,3,Sí
10149,65,34.0,81.94,14.7,3,0,Anual,2,Sí
10150,21,81.0,53.15,15.7,0,3,Anual,5,No
10151,67,56.0,81.0,16.1,3,3,Anual,2,Sí
10152,34,80.0,113.91,9.3,1,2,Mensual,2,No
10153,71,59.0,57.24,11.1,1,2,Bienal,4,No
10154,35,100.0,31.83,20.0,2,1,Anual,1,Sí
10155,43,114.0,65.68,22.4,1,0,Bienal,2,No
10156,56,83.0,30.14,20.7,4,1,Mensual,5,Sí
10157,25,50.0,85.72,17.3,0,0,Anual,5,No
10158,50,75.0,93.86,6.6,1,4,Anual,5,No
10159,47,20.0,23.44,10.5,2,3,Mensual,5,No
10160,63,49.0,102.98,13.3,4,2,Bienal,4,Sí
10161,75,90.0,88.46,4.9,3,1,Mensual,2,No
10162,56,48.0,64.49,25.4,3,1,Mensual,5,No
10163,41,120.0,20.48,16.3,2,2,Anual,4,No
10164,41,59.0,37.77,11.7,1,0,Mensual,4,No
10165,42,106.0,65.43,35.4,3,1,Mensual,2,No
10166,65,106.0,101.16,7.3,0,0,Mensual,4,No
10167,36,28.0,24.46,26.3,4,0,Bienal,5,No
10168,27,77.0,89.6,25.3,6,1,Bienal,4,Sí
10169,37,114.0,21.62,45.9,1,2,Mensual,2,No
10170,19,100.0,73.09,8.0,3,1,Bienal,1,Sí
10171,24,59.0,48.34,4.2,1,0,Mensual,5,No
10172,23,61.0,97.84,6.5,1,0,Anual,3,No
10173,62,96.0,35.35,38.5,3,0,Mensual,3,Sí
10174,59,65.0,104.9,26.7,4,1,Bienal,2,No
10175,58,66.0,95.67,22.6,0,2,Bienal,4,No
10176,44,84.0,117.48,53.3,0,1,Mensual,3,No
10177,59,119.0,74.58,11.2,1,0,Anual,3,No
10178,27,84.0,41.95,3.4,1,0,Anual,1,Sí
10179,70,61.0,94.18,43.3,1,1,Mensual,3,Sí
10180,47,27.0,73.48,25.4,3,0,Mensual,3,No
