cliente_id,edad,antiguedad_meses,ingresos_anuales,gasto_mensual,num_compras,devoluciones,dispositivo,zona,nivel_fidelidad,satisfaccion,compra_proximo_mes
20001,67,102.0,9000.0,60.73,7,3,Móvil,Oeste,Oro,5,No
20002,28,93.0,35683.86,131.74,6,1,Móvil,Este,Bronce,2,No
20003,19,87.0,37152.19,55.33,8,1,Ordenador,Este,Plata,5,Sí
20004,55,79.0,40158.29,24.33,7,0,Ordenador,Norte,Bronce,4,Sí
20005,39,3.0,27317.06,88.78,5,0,Móvil,Sur,Bronce,4,No
20006,45,25.0,32627.01,59.77,9,2,Móvil,Este,Bronce,5,No
20007,22,105.0,44101.68,109.67,8,0,Móvil,Norte,Oro,5,Sí
20008,39,90.0,44882.1,57.56,7,2,Ordenador,Norte,Plata,2,Sí
20009,55,56.0,55299.19,49.94,6,2,Móvil,Sur,Bronce,5,No
20010,38,93.0,9000.0,110.69,10,2,Ordenador,Centro,Oro,4,Sí
20011,66,79.0,12094.45,58.16,8,1,Móvil,Sur,Plata,5,No
20012,63,93.0,57198.15,93.79,8,2,Móvil,Norte,Bronce,1,No
20013,58,64.0,44818.88,41.82,10,0,Móvil,Sur,Plata,5,No
20014,70,10.0,47504.81,86.91,8,2,Móvil,Este,Platino,3,Sí
20015,59,49.0,31869.9,123.24,7,0,Móvil,Centro,Plata,2,Sí
20016,28,26.0,29124.75,14.23,2,4,Móvil,Sur,Bronce,5,No
20017,67,104.0,38897.15,21.86,6,2,Tablet,Oeste,Oro,1,No
20018,55,108.0,22373.08,85.91,8,2,Tablet,Sur,Plata,4,No
20019,23,25.0,13812.66,9.36,5,0,Móvil,Norte,Bronce,4,Sí
20020,35,106.0,19896.74,58.27,14,0,Ordenador,Centro,Plata,3,No
20021,27,40.0,37689.63,108.46,11,4,Ordenador,Centro,Plata,3,No
20022,74,25.0,45239.27,58.55,7,3,Móvil,Norte,Oro,3,Sí
20023,60,33.0,59943.26,33.52,7,1,Ordenador,Oeste,Plata,4,No
20024,71,67.0,41391.41,14.7,7,0,Ordenador,Centro,Platino,4,No
20025,34,29.0,42851.5,81.28,6,4,Ordenador,Centro,Plata,2,No
20026,54,32.0,60478.04,53.55,8,0,Ordenador,Este,Oro,3,No
20027,53,84.0,24738.5,74.34,9,3,Ordenador,Centro,Oro,3,No
20028,61,50.0,22090.28,29.74,8,0,Móvil,Oeste,Platino,4,Sí
20029,24,84.0,28199.99,46.07,5,3,Móvil,Este,Oro,5,No
20030,47,3.0,34604.75,56.75,6,1,Ordenador,Sur,Platino,4,Sí
20031,55,12.0,65336.92,126.29,14,1,Móvil,Sur,Bronce,3,No
20032,65,34.0,30941.81,92.88,7,2,Ordenador,Oeste,Bronce,5,No
20033,56,44.0,54953.14,158.54,6,0,Móvil,Este,Plata,3,No
20034,44,33.0,29146.42,23.35,8,0,Ordenador,Oeste,Oro,5,No
20035,44,48.0,43125.53,32.39,7,4,Móvil,Centro,Bronce,3,No
20036,37,111.0,45879.1,158.21,8,1,Móvil,Sur,Oro,3,No
20037,27,56.0,43727.81,29.85,9,0,Ordenador,Oeste,Bronce,2,No
20038,34,71.0,46890.18,61.48,8,2,Ordenador,Centro,Plata,2,Sí
20039,26,95.0,26008.93,26.77,4,1,Móvil,Norte,Bronce,4,No
20040,31,22.0,57114.14,12.33,13,1,Móvil,Oeste,Plata,4,Sí
20041,67,18.0,50224.39,61.6,8,2,Móvil,Centro,Platino,3,No
20042,48,52.0,25822.76,59.93,10,3,Ordenador,Centro,Bronce,4,Sí
20043,23,75.0,43333.57,79.68,12,0,Móvil,Sur,Plata,5,Sí
20044,42,60.0,20439.17,16.58,9,0,Móvil,Norte,Platino,4,Sí
20045,33,15.0,37376.05,24.41,8,1,Móvil,Norte,Oro,3,No
20046,56,77.0,19019.25,67.67,8,0,Móvil,Oeste,Bronce,4,No
20047,66,111.0,46416.32,33.11,11,0,Ordenador,Norte,Bronce,3,No
20048,18,64.0,78983.38,91.72,9,0,Móvil,Este,Oro,4,Sí
20049,45,108.0,57327.18,55.48,5,0,Móvil,Oeste,Bronce,2,No
20050,43,51.0,46596.3,127.57,8,0,Móvil,Sur,Bronce,3,No
20051,75,49.0,22908.36,176.52,3,1,Móvil,Este,Oro,3,Sí
20052,39,38.0,41513.74,76.11,11,2,Ordenador,Norte,Platino,4,No
20053,27,63.0,53176.06,137.59,5,2,Móvil,Sur,Bronce,4,No
20054,29,69.0,34718.45,121.64,12,3,Ordenador,Sur,Bronce,2,Sí
20055,45,13.0,37874.54,88.63,8,0,Ordenador,Oeste,Bronce,4,No
20056,52,118.0,11432.03,129.5,4,3,Móvil,Centro,Oro,3,Sí
20057,36,19.0,23596.4,40.78,10,4,Móvil,Norte,Plata,4,No
20058,43,67.0,9198.89,135.71,10,1,Móvil,Norte,Bronce,4,No
20059,56,38.0,63759.8,134.48,9,3,Móvil,Norte,Bronce,5,Sí
20060,35,107.0,42853.17,53.93,5,1,Móvil,Norte,Bronce,3,No
20061,73,78.0,46508.02,75.16,6,2,Móvil,Sur,Platino,1,No
20062,30,2.0,33060.87,117.57,8,1,Móvil,Norte,Oro,4,No
20063,72,4.0,14820.35,47.4,12,2,Móvil,Oeste,Plata,3,No
20064,68,25.0,38551.58,17.33,6,1,Ordenador,Sur,Oro,3,No
20065,73,99.0,26770.91,105.28,9,1,Móvil,Norte,Platino,5,Sí
20066,64,104.0,21937.52,55.59,6,0,Ordenador,Norte,Plata,2,No
20067,48,,36803.46,55.28,8,0,Móvil,Oeste,Plata,4,No
20068,53,69.0,37592.37,52.8,6,2,Móvil,Norte,Bronce,2,Sí
20069,29,78.0,33382.86,215.3,8,2,Móvil,Centro,Bronce,4,No
20070,38,59.0,24773.1,60.67,9,1,Móvil,Norte,Bronce,1,No
20071,44,62.0,21704.92,95.53,4,0,Móvil,Centro,Plata,5,No
20072,72,45.0,36091.65,36.98,11,0,Móvil,Este,Oro,4,No
20073,64,59.0,53726.04,73.99,8,1,Ordenador,Oeste,Plata,4,No
20074,50,36.0,12737.5,55.19,12,2,Móvil,Centro,Plata,4,Sí
20075,52,90.0,26470.86,40.07,5,0,Ordenador,Sur,Oro,5,No
20076,43,82.0,33645.8,30.32,10,2,Móvil,Centro,Plata,1,Sí
20077,42,87.0,33698.3,53.59,8,1,Móvil,Sur,Platino,4,Sí
20078,70,44.0,27404.93,27.28,3,0,Móvil,Norte,Plata,2,Sí
20079,18,48.0,63963.34,44.39,5,1,Móvil,Norte,Plata,2,No
20080,36,53.0,41797.09,49.4,9,3,Móvil,Este,Bronce,4,Sí
20081,41,73.0,21711.94,49.28,6,0,Ordenador,Sur,Oro,2,Sí
20082,58,94.0,9000.0,59.28,3,2,Móvil,Oeste,Platino,1,No
20083,41,2.0,33503.83,57.94,12,1,Ordenador,Centro,Bronce,5,No
20084,36,114.0,57452.3,93.29,7,1,Móvil,Norte,Bronce,3,No
20085,22,104.0,38795.12,95.97,13,3,Móvil,Sur,Plata,3,No
20086,33,120.0,9000.0,44.26,9,0,Móvil,Centro,Oro,5,No
20087,24,34.0,16034.32,73.39,15,2,Móvil,Este,Platino,5,No
20088,58,59.0,37782.3,59.56,8,2,Ordenador,Centro,Oro,3,Sí
20089,42,66.0,51480.35,127.79,8,1,Móvil,Norte,Bronce,4,No
20090,31,17.0,38045.58,147.42,7,1,Móvil,Sur,Plata,4,Sí
20091,49,43.0,38164.75,11.75,8,1,Ordenador,Sur,Bronce,5,No
20092,46,3.0,51558.45,89.85,8,0,Móvil,Centro,Platino,4,Sí
20093,45,15.0,54215.67,84.54,4,2,Tablet,Norte,Plata,3,No
20094,51,60.0,26190.31,54.06,8,2,Móvil,Este,Bronce,5,No
20095,54,38.0,42351.66,131.17,11,0,Ordenador,Este,Oro,3,Sí
20096,28,10.0,22117.94,62.7,4,0,Ordenador,Sur,Plata,3,No
20097,26,101.0,20389.74,83.07,4,0,Móvil,Este,Oro,3,No
20098,60,15.0,44530.94,58.49,10,2,Ordenador,Norte,Oro,2,No
20099,74,28.0,15360.11,,9,4,Móvil,Sur,Bronce,3,Sí
20100,49,29.0,38463.03,15.93,6,1,Ordenador,Oeste,Plata,4,No
20101,44,62.0,40555.89,49.63,7,2,Móvil,Centro,Bronce,2,Sí
20102,54,120.0,48488.67,23.58,7,1,Móvil,Este,Bronce,5,Sí
20103,20,4.0,19318.78,34.98,12,2,Ordenador,Norte,Bronce,1,Sí
20104,39,20.0,41521.83,110.9,6,5,Móvil,Sur,Oro,2,No
20105,38,40.0,,82.18,10,1,Móvil,Centro,Platino,1,No
20106,42,14.0,57547.87,89.31,7,2,Móvil,Oeste,Platino,5,Sí
20107,61,1.0,25230.09,80.35,6,0,Ordenador,Este,Oro,4,Sí
20108,46,110.0,19904.7,80.87,7,1,Ordenador,Oeste,Plata,2,Sí
20109,67,27.0,43253.21,81.71,8,2,Móvil,Centro,Bronce,3,No
20110,45,75.0,23590.72,28.19,11,1,Ordenador,Centro,Plata,4,Sí
20111,19,107.0,17232.68,59.81,3,2,Móvil,Centro,Plata,5,Sí
20112,57,89.0,49196.04,129.67,8,1,Móvil,Sur,Oro,2,No
20113,64,6.0,,41.27,9,0,Ordenador,Sur,Plata,4,Sí
20114,51,43.0,9000.0,53.1,8,0,Ordenador,Sur,Bronce,4,Sí
20115,72,7.0,22645.72,18.36,9,0,Ordenador,Oeste,Plata,3,No
20116,42,113.0,19933.46,7.21,9,2,Móvil,Norte,Bronce,4,Sí
20117,64,56.0,45343.04,82.72,8,0,Móvil,Oeste,Bronce,5,Sí
20118,18,118.0,57352.16,27.5,8,3,Ordenador,Centro,Bronce,4,Sí
20119,20,49.0,,111.12,8,1,Móvil,Este,Platino,4,Sí
20120,64,68.0,46238.83,,8,1,Ordenador,Oeste,Bronce,2,Sí
20121,68,8.0,20107.83,79.2,5,1,Móvil,Este,Platino,2,No
20122,48,119.0,19596.55,28.54,11,1,Móvil,Norte,Oro,4,No
20123,61,103.0,22185.33,129.14,2,0,Ordenador,Centro,Platino,3,Sí
20124,36,61.0,43096.39,104.79,8,1,Móvil,Norte,Oro,5,Sí
20125,60,28.0,54348.61,36.81,5,1,Ordenador,Sur,Plata,4,No
20126,46,53.0,9000.0,108.25,7,3,Móvil,Sur,Oro,3,No
20127,35,53.0,44834.05,29.36,9,2,Móvil,Norte,Platino,4,No
20128,23,95.0,49453.91,60.05,7,0,Ordenador,Sur,Oro,3,Sí
20129,28,36.0,40581.56,51.56,5,2,Móvil,Este,Bronce,3,No
20130,70,78.0,82925.37,111.08,11,2,Móvil,Sur,Plata,2,No
20131,43,98.0,43761.11,40.46,11,1,Ordenador,Sur,Platino,3,No
20132,75,25.0,36471.13,118.1,10,0,Ordenador,Este,Bronce,1,No
20133,38,94.0,44852.56,53.19,7,1,Ordenador,Sur,Bronce,5,No
20134,21,62.0,28109.44,70.66,6,2,Móvil,Sur,Plata,3,Sí
20135,32,25.0,20060.66,17.64,12,0,Tablet,Este,Bronce,3,No
20136,38,2.0,42121.61,76.54,12,1,Móvil,Sur,Plata,4,No
20137,58,107.0,52727.57,89.38,9,2,Tablet,Centro,Bronce,2,Sí
20138,195,106.0,32593.41,138.99,6,0,Móvil,Este,Plata,3,No
20139,60,8.0,49422.94,88.58,7,0,Móvil,Norte,Bronce,5,No
20140,36,66.0,30551.28,71.35,9,0,Ordenador,Oeste,Plata,4,Sí
20141,40,12.0,59655.17,63.41,6,0,Ordenador,Centro,Oro,3,No
20142,50,6.0,39114.45,77.23,10,1,Ordenador,Oeste,Bronce,1,No
20143,53,7.0,43747.55,57.47,8,2,Móvil,Oeste,Bronce,2,Sí
20144,42,113.0,47109.4,46.7,3,1,Móvil,Oeste,Bronce,1,No
20145,29,61.0,16394.87,62.73,10,1,Ordenador,Oeste,Platino,3,Sí
20146,62,120.0,33359.15,100.98,8,1,Móvil,Centro,Bronce,3,No
20147,48,93.0,62687.65,82.04,10,2,Móvil,Este,Platino,4,Sí
20148,73,89.0,36529.14,51.54,10,2,Móvil,Oeste,Bronce,5,No
20149,72,13.0,56337.8,98.32,9,2,Ordenador,Sur,Plata,3,No
20150,69,52.0,48819.32,48.57,13,2,Móvil,Sur,Oro,3,No
20151,73,68.0,9497.93,,8,0,Móvil,Norte,Bronce,2,No
20152,54,71.0,46256.87,108.97,5,2,Ordenador,Centro,Bronce,5,Sí
20153,35,17.0,20219.82,39.29,9,3,Ordenador,Oeste,Oro,3,No
20154,27,2.0,39787.85,24.38,7,1,Ordenador,Oeste,Bronce,3,No
20155,24,74.0,29973.78,36.3,4,4,Ordenador,Oeste,Bronce,2,No
20156,72,14.0,36315.55,43.83,10,0,Ordenador,Oeste,Oro,4,No
20157,33,113.0,34972.27,73.7,12,2,Móvil,Este,Bronce,4,No
20158,19,40.0,39518.69,94.22,9,2,Móvil,Centro,Plata,3,No
20159,20,112.0,29499.46,42.79,6,1,Móvil,Este,Bronce,4,No
20160,35,50.0,16410.88,67.69,10,1,Móvil,Centro,Plata,3,No
20161,74,51.0,21355.66,69.01,7,1,Móvil,Norte,Oro,5,Sí
20162,34,91.0,49285.48,159.24,5,1,Tablet,Este,Bronce,2,Sí
20163,23,108.0,61005.16,57.02,8,2,Móvil,Sur,Plata,3,No
20164,56,21.0,39372.29,37.82,8,0,Móvil,Norte,Bronce,4,No
20165,21,54.0,48213.31,22.22,9,1,Ordenador,Oeste,Plata,2,Sí
20166,46,14.0,50164.38,8.51,15,2,Móvil,Oeste,Plata,5,No
20167,22,85.0,16195.56,26.58,11,0,Móvil,Oeste,Platino,5,Sí
20168,23,84.0,9000.0,96.16,9,2,Ordenador,Oeste,Oro,3,Sí
20169,38,17.0,35256.78,112.13,11,2,Móvil,Norte,Oro,3,Sí
20170,18,107.0,9000.0,102.45,8,0,Móvil,Sur,Oro,3,No
20171,67,,32048.96,58.43,9,1,Ordenador,Centro,Bronce,3,Sí
20172,53,106.0,14565.76,95.07,5,2,Móvil,Sur,Oro,3,Sí
20173,72,97.0,26951.47,36.72,12,2,Ordenador,Sur,Bronce,3,Sí
20174,46,90.0,25107.79,25.01,7,2,Tablet,Norte,Platino,2,No
20175,50,34.0,43539.96,57.79,5,0,Móvil,Sur,Bronce,5,No
20176,52,119.0,26614.97,54.8,6,1,Ordenador,Este,Platino,4,Sí
20177,45,37.0,19357.58,107.57,8,1,Ordenador,Norte,Bronce,3,Sí
20178,50,63.0,36707.67,85.88,11,3,Ordenador,Centro,Oro,4,No
20179,51,85.0,79024.17,39.63,5,1,Móvil,Este,Platino,1,Sí
20180,69,93.0,43145.24,40.04,6,4,Móvil,Norte,Plata,2,No
20181,35,40.0,9000.0,72.36,9,0,Móvil,Norte,Plata,4,Sí
20182,71,51.0,37324.05,65.86,4,3,Tablet,Centro,Bronce,4,No
20183,28,58.0,73280.91,83.05,7,2,Móvil,Oeste,Plata,3,Sí
20184,28,43.0,38452.56,66.73,7,0,Móvil,Oeste,Plata,4,No
20185,32,40.0,54569.66,108.5,10,0,Móvil,Este,Platino,4,Sí
20186,72,110.0,52096.66,33.62,9,1,Móvil,Este,Plata,4,No
20187,32,30.0,53231.43,40.91,7,0,Móvil,Sur,Bronce,5,No
20188,63,52.0,51236.52,31.64,11,0,Ordenador,Centro,Plata,1,No
20189,51,18.0,40098.42,45.56,6,1,Móvil,Centro,Bronce,4,No
20190,55,90.0,33327.41,49.03,7,1,Móvil,Centro,Oro,3,No
20191,22,97.0,31961.04,27.4,11,1,Móvil,Norte,Plata,3,Sí
20192,56,60.0,37743.94,12.02,10,1,Móvil,Centro,Oro,4,No
20193,22,8.0,42191.99,42.24,8,0,Móvil,Sur,Plata,5,Sí
20194,49,14.0,17502.75,114.06,5,0,Móvil,Oeste,Plata,3,Sí
20195,63,31.0,31933.36,105.08,3,0,Móvil,Centro,Platino,1,No
20196,71,16.0,35411.85,75.5,7,2,Móvil,Sur,Bronce,5,No
20197,75,28.0,37563.96,78.8,5,1,Ordenador,Sur,Bronce,3,No
20198,31,62.0,31509.55,40.05,12,0,Ordenador,Centro,Bronce,3,Sí
20199,62,71.0,47692.83,24.45,8,0,Ordenador,Este,Oro,3,No
20200,52,85.0,34492.14,79.5,10,0,Ordenador,Oeste,Bronce,1,No
20201,60,112.0,30556.13,85.38,5,0,Ordenador,Centro,Bronce,2,No
20202,65,90.0,18065.52,62.47,4,0,Móvil,Centro,Bronce,1,No
20203,45,57.0,24727.71,167.26,7,4,Móvil,Norte,Platino,1,Sí
20204,25,41.0,39329.38,173.91,6,0,Ordenador,Norte,Bronce,2,Sí
20205,63,105.0,37728.05,49.38,7,1,Móvil,Este,Bronce,4,No
20206,53,2.0,9000.0,85.91,5,1,Móvil,Oeste,Bronce,3,Sí
20207,25,88.0,49402.4,70.06,8,0,Móvil,Este,Oro,1,No
20208,41,65.0,25812.18,221.59,10,0,Ordenador,Centro,Plata,5,Sí
20209,26,60.0,22922.1,91.67,10,4,Móvil,Oeste,Plata,5,No
20210,62,23.0,52163.31,147.99,10,1,Móvil,Norte,Bronce,5,Sí
20211,37,35.0,52868.59,82.75,12,1,Móvil,Norte,Bronce,3,No
20212,21,39.0,25684.56,5.77,9,1,Móvil,Este,Bronce,3,No
20213,34,5.0,30843.54,111.32,6,2,Móvil,Centro,Platino,4,No
20214,53,68.0,18251.24,32.61,12,1,Ordenador,Norte,Bronce,4,No
20215,52,69.0,47806.29,53.0,8,1,Móvil,Oeste,Bronce,4,No
20216,67,48.0,49117.83,93.08,11,0,Móvil,Sur,Plata,3,No
20217,38,109.0,29637.21,123.82,10,0,Móvil,Este,Plata,5,Sí
20218,54,56.0,56179.42,74.08,8,2,Móvil,Sur,Bronce,4,No
20219,72,9.0,49319.45,39.67,8,1,Ordenador,Este,Plata,4,No
20220,36,7.0,34206.2,42.93,8,1,Móvil,Oeste,Oro,3,Sí
20221,19,45.0,46462.98,138.36,7,1,Ordenador,Oeste,Oro,3,Sí
20222,56,22.0,12007.25,84.24,8,0,Móvil,Este,Plata,4,No
20223,52,104.0,32189.47,77.03,7,1,Ordenador,Norte,Platino,1,Sí
20224,37,102.0,39649.02,34.94,7,0,Móvil,Oeste,Bronce,3,No
20225,50,116.0,35848.86,77.46,10,1,Ordenador,Norte,Bronce,1,No
20226,56,62.0,65724.26,39.72,10,2,Ordenador,Este,Bronce,2,No
20227,65,59.0,40502.73,91.26,4,2,Ordenador,Norte,Bronce,5,No
20228,25,107.0,41313.68,72.68,4,1,Móvil,Este,Oro,5,Sí
20229,45,77.0,16744.11,56.15,12,0,Móvil,Oeste,Platino,2,No
20230,34,103.0,33281.43,67.31,4,0,Ordenador,Sur,Plata,3,Sí
20231,37,24.0,24638.93,127.98,14,2,Móvil,Sur,Platino,3,No
20232,19,24.0,70057.11,65.45,14,0,Móvil,Este,Oro,1,Sí
20233,42,7.0,29973.38,134.56,11,4,Ordenador,Sur,Bronce,3,No
20234,22,48.0,37726.34,68.51,9,1,Móvil,Centro,Bronce,1,No
20235,71,95.0,53629.22,42.7,12,0,Móvil,Sur,Bronce,3,Sí
20236,50,64.0,45521.65,84.31,8,0,Móvil,Este,Oro,2,No
20237,42,66.0,15536.0,81.17,11,1,Móvil,Oeste,Bronce,5,No
20238,31,12.0,45258.55,37.82,8,2,Ordenador,Centro,Plata,3,No
20239,72,16.0,46299.53,96.88,7,1,Tablet,Norte,Bronce,3,No
20240,47,11.0,33366.11,83.57,8,0,Ordenador,Oeste,Plata,4,Sí
20241,75,45.0,42732.28,119.75,10,0,Móvil,Oeste,Bronce,4,Sí
20242,56,101.0,37518.6,68.0,6,1,Ordenador,Centro,Bronce,4,No
20243,75,89.0,15912.01,35.72,9,0,Móvil,Sur,Plata,3,Sí
20244,69,100.0,27829.27,154.31,6,4,Móvil,Oeste,Oro,3,Sí
20245,61,36.0,36300.38,52.64,8,1,Móvil,Oeste,Platino,2,Sí
20246,38,46.0,27496.6,32.83,13,0,Tablet,Centro,Bronce,4,Sí
20247,63,116.0,43816.16,63.32,8,1,Móvil,Este,Bronce,4,Sí
20248,36,85.0,50528.55,38.21,8,2,Móvil,Este,Bronce,3,Sí
20249,67,,39964.59,54.99,15,0,Ordenador,Centro,Oro,5,Sí
20250,36,63.0,30596.17,26.61,8,1,Ordenador,Este,Bronce,5,No
20251,22,13.0,55761.2,29.37,6,3,Ordenador,Este,Bronce,1,Sí
20252,24,90.0,37994.14,106.64,8,3,Ordenador,Sur,Plata,3,No
20253,44,45.0,41126.1,72.38,4,1,Móvil,Oeste,Bronce,5,No
20254,56,38.0,24930.05,31.66,9,1,Ordenador,Centro,Platino,3,No
20255,34,87.0,32844.1,44.92,7,2,Tablet,Norte,Plata,4,Sí
20256,65,57.0,50472.5,46.43,6,0,Móvil,Sur,Plata,2,No
20257,32,21.0,46784.06,57.71,10,2,Móvil,Sur,Bronce,3,No
20258,45,108.0,33287.5,68.81,12,1,Móvil,Centro,Bronce,4,No
20259,37,48.0,36119.54,145.44,8,2,Móvil,Este,Plata,3,No
20260,50,98.0,38885.13,99.04,6,1,Móvil,Centro,Plata,3,No
20261,28,49.0,22352.79,74.12,6,5,Móvil,Oeste,Oro,2,No
20262,73,38.0,33312.8,52.86,9,0,Móvil,Oeste,Bronce,1,No
20263,71,97.0,28582.33,23.07,8,0,Móvil,Este,Plata,4,No
20264,58,106.0,15906.39,59.28,10,1,Móvil,Sur,Oro,3,No
20265,48,38.0,38206.5,38.99,6,0,Móvil,Norte,Oro,2,Sí
20266,61,48.0,33914.94,85.74,9,1,Móvil,Centro,Oro,5,No
20267,45,,14774.81,61.01,9,0,Móvil,Centro,Bronce,1,No
20268,69,82.0,24472.39,72.64,15,1,Ordenador,Este,Plata,4,No
20269,21,61.0,34737.2,198.28,7,2,Tablet,Centro,Bronce,3,Sí
20270,30,86.0,9000.0,21.64,12,3,Ordenador,Este,Plata,5,Sí
20271,44,100.0,38668.05,27.97,11,0,Ordenador,Centro,Bronce,4,No
20272,55,49.0,39867.49,160.53,10,0,Móvil,Oeste,Bronce,2,No
20273,59,102.0,45409.03,38.69,5,1,Ordenador,Sur,Plata,5,Sí
20274,59,100.0,27368.47,65.48,5,1,Tablet,Norte,Plata,3,No
20275,72,118.0,15370.19,64.9,6,1,Tablet,Este,Bronce,1,No
20276,66,56.0,45110.17,35.04,9,1,Móvil,Este,Plata,2,Sí
20277,71,102.0,16062.82,6.83,7,1,Móvil,Norte,Oro,3,No
20278,37,116.0,43843.73,73.19,16,2,Móvil,Este,Bronce,4,No
20279,58,113.0,26202.29,49.0,5,0,Móvil,Centro,Plata,3,No
20280,57,113.0,21323.49,32.0,5,2,Tablet,Norte,Bronce,3,No
20281,53,47.0,40267.89,67.17,5,3,Móvil,Este,Bronce,2,No
20282,53,109.0,52272.54,62.79,10,2,Móvil,Centro,Plata,5,No
20283,48,53.0,33724.37,53.15,13,1,Tablet,Sur,Bronce,3,No
20284,41,110.0,32436.78,77.53,5,0,Tablet,Este,Oro,3,No
20285,25,98.0,11516.53,80.64,6,2,Móvil,Este,Bronce,4,No
20286,23,18.0,48052.52,44.08,4,3,Móvil,Norte,Plata,4,No
20287,18,16.0,37056.48,52.53,14,1,Móvil,Sur,Bronce,3,No
20288,38,78.0,32060.58,83.41,6,1,Móvil,Sur,Plata,2,Sí
20289,39,30.0,54971.49,24.8,11,0,Móvil,Sur,Bronce,4,Sí
20290,73,89.0,13272.29,40.32,6,1,Ordenador,Centro,Platino,4,Sí
20291,32,,28683.1,47.91,9,1,Móvil,Sur,Bronce,5,No
20292,30,64.0,36070.33,40.72,4,2,Móvil,Sur,Plata,2,No
20293,20,94.0,31714.55,172.31,13,0,Tablet,Este,Bronce,3,Sí
20294,24,64.0,9000.0,103.53,9,3,Móvil,Este,Plata,4,No
20295,56,69.0,41065.37,33.92,8,4,Ordenador,Este,Oro,4,No
20296,39,25.0,35557.75,33.1,10,0,Móvil,Norte,Bronce,3,No
20297,53,71.0,50656.1,75.76,5,2,Ordenador,Este,Bronce,5,Sí
20298,23,20.0,65578.07,36.33,7,1,Móvil,Norte,Platino,1,Sí
20299,62,75.0,33275.54,41.7,7,1,Móvil,Sur,Bronce,3,No
20300,33,94.0,41574.85,80.83,11,1,Móvil,Centro,Oro,4,Sí
20301,21,93.0,39669.37,97.32,6,0,Ordenador,Oeste,Plata,3,No
20302,71,18.0,38461.91,68.57,7,3,Móvil,Oeste,Oro,5,No
20303,38,95.0,33994.53,49.03,8,0,Ordenador,Sur,Bronce,3,No
20304,36,88.0,41605.36,69.81,10,0,Ordenador,Oeste,Oro,1,No
20305,20,18.0,52358.37,25.05,5,0,Ordenador,Este,Oro,2,No
20306,51,10.0,23688.56,48.96,12,2,Tablet,Centro,Plata,4,No
20307,34,79.0,63563.46,23.96,14,2,Ordenador,Este,Bronce,5,No
20308,31,50.0,43341.31,60.0,9,2,Móvil,Oeste,Bronce,5,No
20309,57,60.0,40393.19,68.72,13,2,Móvil,Este,Bronce,4,No
20310,56,3.0,9000.0,33.64,6,2,Móvil,Norte,Bronce,4,No
20311,26,29.0,35845.92,95.3,17,2,Tablet,Norte,Platino,3,Sí
20312,25,80.0,21849.5,99.05,7,1,Ordenador,Este,Plata,2,No
20313,32,76.0,44328.48,28.24,7,2,Móvil,Norte,Plata,3,Sí
20314,63,36.0,49855.76,102.59,11,1,Ordenador,Oeste,Bronce,3,No
20315,33,42.0,52673.27,100.48,8,0,Ordenador,Este,Bronce,1,Sí
20316,42,57.0,33587.15,43.24,12,2,Ordenador,Este,Oro,3,No
20317,25,41.0,34918.36,111.0,9,0,Móvil,Norte,Plata,5,Sí
20318,28,35.0,42338.27,73.95,11,0,Móvil,Centro,Plata,3,Sí
20319,56,38.0,9000.0,180.6,4,0,Ordenador,Este,Bronce,2,Sí
20320,61,62.0,29710.45,29.33,4,1,Tablet,Centro,Oro,1,No
20321,68,67.0,28129.69,90.17,6,0,Móvil,Norte,Bronce,4,No
20322,50,79.0,43551.83,52.96,9,4,Móvil,Este,Bronce,2,No
20323,34,30.0,29368.06,50.78,5,3,Tablet,Este,Bronce,4,No
20324,43,21.0,46786.46,121.6,13,3,Móvil,Sur,Bronce,5,No
20325,27,38.0,33203.9,84.79,11,2,Móvil,Este,Platino,4,No
20326,31,94.0,48401.61,62.79,7,0,Móvil,Oeste,Oro,4,Sí
20327,45,101.0,68165.87,59.98,2,3,Móvil,Este,Oro,5,No
20328,63,94.0,58591.24,43.26,5,2,Ordenador,Este,Bronce,2,No
20329,33,48.0,49733.12,29.94,3,1,Móvil,Norte,Plata,3,No
20330,39,114.0,52598.53,34.29,7,0,Ordenador,Sur,Bronce,4,No
20331,20,69.0,30693.89,24.77,12,1,Móvil,Norte,Bronce,5,Sí
20332,20,46.0,24825.9,41.85,8,2,Ordenador,Este,Bronce,4,No
20333,49,71.0,23733.92,111.49,7,4,Móvil,Centro,Plata,3,No
20334,73,105.0,38838.42,73.67,9,1,Ordenador,Centro,Oro,3,Sí
20335,51,53.0,57364.32,80.77,6,3,Móvil,Oeste,Plata,4,Sí
20336,19,12.0,25423.99,38.03,10,2,Ordenador,Oeste,Bronce,5,Sí
20337,51,37.0,42795.67,107.06,10,0,Ordenador,Centro,Plata,2,No
20338,24,120.0,17915.5,48.71,7,0,Móvil,Oeste,Platino,5,Sí
20339,58,56.0,18362.95,55.57,6,1,Ordenador,Centro,Bronce,2,No
20340,45,26.0,48435.53,27.63,6,0,Móvil,Sur,Bronce,2,No
20341,39,106.0,26042.48,90.15,4,0,Móvil,Sur,Oro,3,No
20342,30,45.0,25626.33,11.98,6,1,Ordenador,Centro,Bronce,2,No
20343,28,39.0,64644.05,38.28,10,1,Móvil,Centro,Bronce,4,No
20344,37,12.0,36999.62,34.22,9,3,Móvil,Sur,Bronce,3,No
20345,44,114.0,35355.05,105.36,11,2,Móvil,Sur,Plata,3,Sí
20346,50,101.0,32670.72,95.65,5,1,Ordenador,Sur,Oro,5,No
20347,57,47.0,42022.43,43.92,7,1,Móvil,Sur,Bronce,3,Sí
20348,73,59.0,25736.51,95.93,9,1,Móvil,Oeste,Bronce,4,No
20349,19,31.0,36831.09,51.96,10,1,Móvil,Este,Oro,3,Sí
20350,72,116.0,51757.18,32.34,9,1,Móvil,Oeste,Oro,4,No
20351,50,111.0,31350.73,65.67,7,2,Ordenador,Centro,Bronce,1,No
20352,22,18.0,9000.0,49.4,7,1,Móvil,Norte,Platino,4,No
20353,68,30.0,26503.81,41.99,14,1,Móvil,Este,Bronce,4,No
20354,67,108.0,47137.12,18.12,9,0,Móvil,Centro,Bronce,3,Sí
20355,34,27.0,52253.0,47.15,8,1,Ordenador,Oeste,Oro,5,No
20356,27,44.0,41271.83,58.17,8,5,Ordenador,Oeste,Platino,4,Sí
20357,35,98.0,56697.53,26.7,9,0,Móvil,Este,Plata,3,No
20358,65,29.0,20925.52,94.35,8,1,Tablet,Sur,Oro,4,Sí
20359,71,102.0,54543.53,52.25,13,1,Ordenador,Este,Plata,3,No
20360,35,79.0,39041.66,150.75,8,0,Móvil,Norte,Plata,3,Sí
20361,45,23.0,45801.52,26.93,9,1,Ordenador,Norte,Platino,3,Sí
20362,59,4.0,9000.0,76.12,6,0,Ordenador,Norte,Bronce,4,No
20363,28,21.0,48941.01,79.92,12,3,Móvil,Norte,Platino,4,Sí
20364,59,64.0,39377.9,61.17,14,3,Móvil,Este,Plata,4,No
20365,31,116.0,63670.66,58.54,11,3,Ordenador,Norte,Oro,5,No
20366,67,57.0,38728.86,146.13,10,2,Móvil,Sur,Oro,4,Sí
20367,25,16.0,,67.41,12,2,Móvil,Oeste,Plata,3,Sí
20368,74,6.0,24352.93,23.38,6,1,Móvil,Norte,Bronce,4,No
20369,59,23.0,41881.36,61.46,4,3,Móvil,Centro,Oro,4,Sí
20370,33,53.0,40463.06,80.45,4,0,Ordenador,Este,Plata,4,Sí
20371,64,54.0,26805.01,20.56,9,0,Móvil,Este,Bronce,4,Sí
20372,54,37.0,20513.81,33.87,5,3,Móvil,Sur,Bronce,5,No
20373,45,75.0,57982.31,74.88,11,0,Ordenador,Este,Platino,5,Sí
20374,60,30.0,32539.22,39.59,10,2,Móvil,Oeste,Platino,5,Sí
20375,57,31.0,35006.51,65.69,9,0,Ordenador,Sur,Bronce,4,Sí
20376,22,112.0,28266.47,36.54,2,1,Ordenador,Centro,Oro,5,No
20377,31,65.0,56276.42,31.93,8,1,Móvil,Norte,Bronce,3,No
20378,56,72.0,52174.16,111.45,3,0,Móvil,Oeste,Platino,4,No
20379,41,69.0,21186.17,108.67,11,0,Ordenador,Oeste,Bronce,5,Sí
20380,36,19.0,34889.58,137.83,10,1,Ordenador,Norte,Oro,3,Sí
20381,49,70.0,22629.39,39.46,3,1,Ordenador,Norte,Bronce,2,Sí
20382,27,91.0,62888.05,127.69,11,1,Ordenador,Norte,Platino,3,Sí
20383,74,6.0,42427.51,16.72,8,0,Tablet,Oeste,Plata,3,Sí
20384,49,45.0,31936.86,112.31,9,1,Ordenador,Este,Bronce,2,No
20385,18,34.0,31106.28,98.43,6,2,Ordenador,Este,Plata,4,No
20386,44,72.0,43890.45,24.46,10,2,Móvil,Sur,Platino,3,Sí
20387,61,109.0,32432.56,64.29,12,0,Móvil,Este,Bronce,1,Sí
20388,51,46.0,58368.57,22.74,13,1,Móvil,Oeste,Oro,3,No
20389,47,8.0,22570.09,34.5,11,3,Móvil,Este,Plata,3,No
20390,55,77.0,18097.51,102.31,9,2,Móvil,Este,Bronce,1,No
20391,19,38.0,56452.0,122.27,13,1,Móvil,Oeste,Plata,3,Sí
20392,46,82.0,29827.45,63.31,9,0,Móvil,Este,Oro,2,No
20393,41,17.0,56588.11,68.56,15,0,Móvil,Centro,Plata,2,No
20394,70,35.0,48758.12,116.19,8,0,Móvil,Sur,Oro,2,No
20395,51,47.0,16307.67,88.19,10,1,Móvil,Norte,Bronce,4,Sí
20396,28,100.0,27162.19,19.48,6,0,Móvil,Norte,Oro,4,No
20397,67,67.0,36715.09,98.96,3,2,Móvil,Este,Platino,2,Sí
20398,34,75.0,32803.59,48.39,16,0,Tablet,Este,Bronce,4,No
20399,75,85.0,40391.73,260.0,10,1,Móvil,Oeste,Bronce,4,Sí
20400,38,73.0,27118.82,37.7,12,3,Móvil,Norte,Plata,4,No
